{"stats":{"minecraft:mined":{"minecraft:grass_block":1,"minecraft:potatoes":155,"minecraft:wheat":337},"minecraft:custom":{"minecraft:interact_with_smithing_table":1,"minecraft:mob_kills":8,"minecraft:interact_with_crafting_table":4,"minecraft:open_barrel":7,"minecraft:open_shulker_box":9,"minecraft:time_since_death":13179,"minecraft:leave_game":19,"minecraft:climb_one_cm":20588,"minecraft:sprint_one_cm":1430472,"minecraft:walk_one_cm":1036939,"minecraft:drop":63,"minecraft:play_time":938124,"minecraft:deaths":44,"minecraft:sneak_time":33299,"minecraft:walk_under_water_one_cm":45801,"minecraft:jump":8793,"minecraft:walk_on_water_one_cm":24530,"minecraft:total_world_time":938124,"minecraft:interact_with_loom":6,"minecraft:pot_flower":11,"minecraft:interact_with_grindstone":1,"minecraft:time_since_rest":13202,"minecraft:damage_taken":12915,"minecraft:damage_dealt":10096,"minecraft:minecart_one_cm":1420,"minecraft:swim_one_cm":33995,"minecraft:fly_one_cm":4744178,"minecraft:player_kills":37,"minecraft:open_chest":2,"minecraft:crouch_one_cm":49159,"minecraft:fall_one_cm":145680},"minecraft:killed":{"minecraft:slime":2,"minecraft:shulker":1,"minecraft:axolotl":5},"minecraft:killed_by":{"minecraft:player":31,"minecraft:shulker":1},"minecraft:dropped":{"minecraft:oak_slab":1,"minecraft:wheat_seeds":27,"minecraft:nether_star":1,"minecraft:yellow_concrete":1,"minecraft:poisonous_potato":1,"minecraft:feather":4,"minecraft:command_block":1,"minecraft:spruce_stairs":64,"minecraft:polished_blackstone_button":2,"minecraft:stone_button":2,"minecraft:diorite":2,"minecraft:acacia_planks":64,"minecraft:polished_diorite":1,"minecraft:red_concrete":1,"minecraft:wheat":7,"minecraft:pumpkin_seeds":2,"minecraft:diamond_sword":1,"minecraft:potato":535,"minecraft:beetroot_seeds":7,"minecraft:stone_bricks":1,"minecraft:spruce_log":1,"minecraft:spruce_slab":64,"minecraft:stripped_acacia_log":1,"minecraft:calcite":2,"minecraft:written_book":66},"minecraft:picked_up":{"minecraft:shulker_shell":41,"minecraft:wheat":12,"minecraft:item_frame":23,"minecraft:beetroot":4,"minecraft:written_book":66,"minecraft:calcite":1,"minecraft:smooth_quartz":64,"minecraft:spruce_slab":64,"minecraft:stick":2,"minecraft:spruce_stairs":64,"minecraft:stone_button":5,"minecraft:diorite":2,"minecraft:carrot":25,"minecraft:redstone":1,"minecraft:brown_carpet":3,"minecraft:command_block":1,"minecraft:light_blue_stained_glass_pane":2,"minecraft:beetroot_seeds":10,"minecraft:feather":4,"minecraft:potato":571,"minecraft:filled_map":27,"minecraft:acacia_planks":64,"minecraft:apple":20,"minecraft:wheat_seeds":39,"minecraft:oak_slab":1,"minecraft:yellow_concrete":2,"minecraft:poisonous_potato":2,"minecraft:spruce_sapling":3,"minecraft:stripped_acacia_log":1,"minecraft:pumpkin_seeds":2,"minecraft:lever":1,"minecraft:polished_blackstone_button":2,"minecraft:diamond_axe":2,"minecraft:melon_seeds":2,"minecraft:red_concrete":1,"minecraft:nether_star":1},"minecraft:used":{"minecraft:oak_fence":6,"minecraft:oak_trapdoor":2,"minecraft:netherite_sword":13,"minecraft:flint_and_steel":6,"minecraft:armor_stand":2,"minecraft:red_concrete":607,"minecraft:spruce_slab":275,"minecraft:redstone":2,"minecraft:bone_block":158,"minecraft:ladder":7,"minecraft:oak_sign":40,"minecraft:spruce_planks":419,"minecraft:chest":2,"minecraft:stone":189,"minecraft:white_shulker_box":2,"minecraft:quartz_stairs":61,"minecraft:player_head":11,"minecraft:mossy_stone_brick_slab":30,"minecraft:netherrack":67,"minecraft:debug_stick":24,"minecraft:spruce_leaves":67,"minecraft:oak_door":3,"minecraft:dirt":15,"minecraft:soul_sand":8,"minecraft:spruce_stairs":374,"minecraft:shulker_box":1,"minecraft:stone_stairs":39,"minecraft:warped_door":7,"minecraft:obsidian":56,"minecraft:polished_diorite":243,"minecraft:birch_door":3,"minecraft:glass":24,"minecraft:dark_oak_planks":20,"minecraft:stone_brick_slab":490,"minecraft:wooden_axe":28,"minecraft:honey_block":1,"minecraft:cyan_terracotta":86,"minecraft:netherite_shovel":69,"minecraft:bookshelf":68,"minecraft:red_wool":12,"minecraft:quartz_slab":85,"minecraft:iron_block":32,"minecraft:grass_block":42,"minecraft:oak_stairs":172,"minecraft:quartz_block":218,"minecraft:gray_concrete_powder":117,"minecraft:smooth_quartz":234,"minecraft:stone_brick_stairs":633,"minecraft:stone_bricks":511,"minecraft:item_frame":77,"minecraft:bedrock":3,"minecraft:repeater":12,"minecraft:birch_trapdoor":60,"minecraft:glowstone":59,"minecraft:red_stained_glass_pane":84,"minecraft:written_book":4,"minecraft:iron_trapdoor":1,"minecraft:furnace":2,"minecraft:podzol":19,"minecraft:potato":3,"minecraft:acacia_planks":154,"minecraft:observer":1,"minecraft:calcite":74,"minecraft:water_bucket":3,"minecraft:mossy_stone_bricks":85,"minecraft:diorite":97,"minecraft:cobblestone_stairs":9,"minecraft:stripped_acacia_log":41,"minecraft:red_stained_glass":164,"minecraft:oak_planks":487,"minecraft:mossy_stone_brick_stairs":164,"minecraft:redstone_block":13,"minecraft:structure_void":8,"minecraft:diamond_axe":194,"minecraft:glow_ink_sac":3,"minecraft:white_wool":3,"minecraft:dark_oak_trapdoor":63,"minecraft:rail":16,"minecraft:oak_slab":86,"minecraft:crafting_table":3,"minecraft:loom":1,"minecraft:crimson_trapdoor":1,"minecraft:yellow_concrete":42,"minecraft:cyan_dye":1,"minecraft:campfire":1,"minecraft:light_gray_concrete_powder":1,"minecraft:stone_brick_wall":181,"minecraft:gray_concrete":30,"minecraft:painting":1,"minecraft:warped_planks":47,"minecraft:spruce_log":169,"minecraft:pumpkin_seeds":1,"minecraft:oak_log":73,"minecraft:sticky_piston":11,"minecraft:gray_terracotta":70,"minecraft:lever":9,"minecraft:wooden_hoe":1,"minecraft:flower_pot":11,"minecraft:light":71,"minecraft:black_concrete":162,"minecraft:black_wool":57,"minecraft:warped_trapdoor":10,"minecraft:command_block":16,"minecraft:light_gray_concrete":150,"minecraft:stone_button":30,"minecraft:barrier":67,"minecraft:string":2,"minecraft:map":2,"minecraft:stone_slab":22,"minecraft:spruce_trapdoor":62,"minecraft:oak_pressure_plate":2,"minecraft:spruce_sapling":260,"minecraft:purple_dye":1,"minecraft:yellow_wool":15,"minecraft:chiseled_stone_bricks":155,"minecraft:diamond_sword":15,"minecraft:coal_block":108,"minecraft:red_banner":2,"minecraft:glass_pane":36,"minecraft:repeating_command_block":3,"minecraft:polished_blackstone_button":1,"minecraft:stripped_oak_log":37,"minecraft:white_concrete":56,"minecraft:smooth_stone":42,"minecraft:bone_meal":5,"minecraft:splash_potion":22}},"DataVersion":2975}