{"stats":{"minecraft:picked_up":{"minecraft:nether_star":1},"minecraft:used":{"minecraft:splash_potion":6,"minecraft:diamond_axe":45},"minecraft:dropped":{"minecraft:nether_star":1},"minecraft:killed_by":{"minecraft:player":9},"minecraft:custom":{"minecraft:jump":1334,"minecraft:time_since_rest":3944,"minecraft:leave_game":1,"minecraft:damage_dealt":2674,"minecraft:crouch_one_cm":5976,"minecraft:deaths":10,"minecraft:sprint_one_cm":195663,"minecraft:play_time":49723,"minecraft:damage_taken":3194,"minecraft:time_since_death":3911,"minecraft:walk_one_cm":91686,"minecraft:sneak_time":5553,"minecraft:climb_one_cm":4429,"minecraft:total_world_time":49723,"minecraft:drop":1,"minecraft:fall_one_cm":26990,"minecraft:fly_one_cm":223029,"minecraft:player_kills":7}},"DataVersion":2730}