{"stats":{"minecraft:picked_up":{"minecraft:dirt":4},"minecraft:mined":{"minecraft:dirt":4},"minecraft:used":{"minecraft:dirt":3},"minecraft:custom":{"minecraft:jump":56,"minecraft:time_since_rest":4961,"minecraft:walk_on_water_one_cm":32,"minecraft:crouch_one_cm":129,"minecraft:leave_game":2,"minecraft:play_time":4961,"minecraft:sprint_one_cm":30651,"minecraft:damage_taken":40,"minecraft:time_since_death":4961,"minecraft:walk_one_cm":11238,"minecraft:sneak_time":24,"minecraft:climb_one_cm":1073,"minecraft:total_world_time":4961,"minecraft:fall_one_cm":1463,"minecraft:fly_one_cm":10983}},"DataVersion":2975}