{"stats":{"minecraft:mined":{"minecraft:spruce_log":8,"minecraft:spruce_leaves":3},"minecraft:custom":{"minecraft:time_since_rest":54317,"minecraft:crouch_one_cm":2976,"minecraft:sprint_one_cm":2053,"minecraft:play_time":54317,"minecraft:walk_one_cm":52172,"minecraft:sneak_time":2768,"minecraft:walk_under_water_one_cm":1294,"minecraft:jump":107,"minecraft:leave_game":3,"minecraft:walk_on_water_one_cm":2482,"minecraft:time_since_death":54317,"minecraft:total_world_time":54317,"minecraft:fall_one_cm":1254,"minecraft:fly_one_cm":128897},"minecraft:used":{"minecraft:oak_log":93,"minecraft:oak_door":3,"minecraft:dark_oak_planks":29,"minecraft:water_bucket":4,"minecraft:sand":14,"minecraft:birch_planks":27,"minecraft:grass_block":15,"minecraft:oak_slab":60,"create:cogwheel":2,"minecraft:birch_slab":2,"create:gearbox":2,"minecraft:lantern":8,"minecraft:oak_stairs":184,"minecraft:oak_planks":191,"minecraft:chain":2,"minecraft:bucket":3,"minecraft:campfire":4,"minecraft:oak_wood":27,"create:millstone":1,"create:vertical_gearbox":10,"minecraft:spruce_trapdoor":4,"minecraft:birch_stairs":129,"create:large_water_wheel":2,"create:framed_glass_trapdoor":11},"minecraft:picked_up":{"minecraft:stick":2,"minecraft:spruce_sapling":4,"minecraft:spruce_log":8,"minecraft:lantern":2}},"DataVersion":3465}