{"stats":{"minecraft:mined":{"minecraft:spruce_log":8,"minecraft:spruce_leaves":3},"minecraft:custom":{"minecraft:time_since_rest":3187,"minecraft:sprint_one_cm":4310,"minecraft:walk_one_cm":151404,"minecraft:drop":5,"minecraft:tune_noteblock":3,"minecraft:fly_one_cm":169908,"minecraft:open_chest":1,"minecraft:crouch_one_cm":3311,"minecraft:play_time":106192,"minecraft:sneak_time":4113,"minecraft:walk_under_water_one_cm":1294,"minecraft:jump":248,"minecraft:sleep_in_bed":1,"minecraft:time_since_death":106192,"minecraft:leave_game":4,"minecraft:walk_on_water_one_cm":2482,"minecraft:climb_one_cm":6641,"minecraft:total_world_time":106192,"minecraft:fall_one_cm":1254},"minecraft:used":{"minecraft:oak_log":111,"minecraft:wheat_seeds":55,"minecraft:dark_oak_planks":128,"minecraft:water_bucket":7,"create:wrench":1,"minecraft:birch_fence_gate":1,"minecraft:lantern":20,"minecraft:birch_slab":9,"numismatics:bank_terminal":5,"minecraft:birch_planks":27,"create:gearbox":2,"minecraft:grass_block":77,"minecraft:oak_stairs":217,"minecraft:oak_planks":343,"numismatics:banking_guide":1,"minecraft:netherite_hoe":62,"minecraft:chest":2,"create:millstone":1,"minecraft:spruce_trapdoor":4,"create:framed_glass_trapdoor":11,"create:large_water_wheel":2,"create:blaze_burner":1,"minecraft:oak_door":4,"minecraft:dirt":5,"minecraft:sand":55,"minecraft:snow":33,"minecraft:white_carpet":31,"minecraft:scaffolding":12,"minecraft:oak_slab":72,"minecraft:crafting_table":1,"minecraft:furnace":1,"minecraft:red_bed":2,"create:cogwheel":2,"minecraft:bucket":3,"minecraft:chain":10,"minecraft:campfire":4,"minecraft:oak_wood":27,"minecraft:note_block":2,"minecraft:ochre_froglight":4,"create:vertical_gearbox":10,"minecraft:birch_stairs":134},"minecraft:picked_up":{"minecraft:scaffolding":1,"minecraft:stick":6,"minecraft:sand":3,"minecraft:chain":1,"minecraft:spruce_sapling":7,"minecraft:grass_block":1,"minecraft:spruce_log":8,"minecraft:lantern":2,"create:millstone":1,"minecraft:wheat_seeds":1,"numismatics:yellow_card":1},"minecraft:dropped":{"minecraft:oak_log":1,"create:millstone":1,"numismatics:yellow_card":1,"minecraft:chain":1,"minecraft:grass_block":1}},"DataVersion":3465}