{"stats":{"minecraft:crafted":{"minecraft:oak_button":1,"minecraft:crafting_table":1,"minecraft:spruce_planks":8,"minecraft:stick":4,"minecraft:wooden_pickaxe":1,"minecraft:stone_pickaxe":1},"minecraft:picked_up":{"minecraft:stick":1,"minecraft:repeater":1,"minecraft:potato":28,"minecraft:spruce_planks":1,"minecraft:oak_button":2,"minecraft:spruce_log":2,"minecraft:oak_planks":1,"minecraft:cobblestone":3},"minecraft:used":{"minecraft:repeater":1,"minecraft:crafting_table":1,"minecraft:potato":4,"minecraft:stone_pickaxe":10,"minecraft:oak_button":3,"minecraft:wooden_pickaxe":3},"minecraft:mined":{"minecraft:potatoes":7,"minecraft:spruce_planks":1,"minecraft:spruce_leaves":9,"minecraft:spruce_log":2,"minecraft:oak_button":3,"minecraft:stone":3,"minecraft:oak_planks":1},"minecraft:custom":{"minecraft:time_since_rest":18152,"minecraft:crouch_one_cm":708,"minecraft:play_time":18152,"minecraft:sprint_one_cm":31803,"minecraft:damage_taken":82,"minecraft:walk_one_cm":75086,"minecraft:sneak_time":208,"minecraft:jump":409,"minecraft:damage_dealt":10,"minecraft:leave_game":2,"minecraft:time_since_death":18152,"minecraft:walk_on_water_one_cm":57,"minecraft:total_world_time":18152,"minecraft:interact_with_crafting_table":2,"minecraft:fall_one_cm":2150,"minecraft:fly_one_cm":93149}},"DataVersion":2975}