{"stats":{"minecraft:mined":{"minecraft:spruce_log":8,"minecraft:spruce_leaves":3},"minecraft:custom":{"minecraft:time_since_rest":25039,"minecraft:crouch_one_cm":283,"minecraft:sprint_one_cm":1525,"minecraft:play_time":25039,"minecraft:walk_one_cm":11713,"minecraft:sneak_time":310,"minecraft:walk_under_water_one_cm":1146,"minecraft:jump":51,"minecraft:walk_on_water_one_cm":2428,"minecraft:leave_game":2,"minecraft:time_since_death":25039,"minecraft:total_world_time":25039,"minecraft:fall_one_cm":1254,"minecraft:fly_one_cm":61785},"minecraft:used":{"minecraft:oak_log":37,"minecraft:dark_oak_planks":28,"minecraft:water_bucket":4,"minecraft:oak_slab":51,"minecraft:birch_slab":2,"minecraft:lantern":4,"create:gearbox":2,"minecraft:oak_stairs":112,"minecraft:chain":2,"minecraft:bucket":3,"minecraft:oak_planks":144,"minecraft:campfire":4,"minecraft:oak_wood":22,"create:large_water_wheel":2},"minecraft:picked_up":{"minecraft:stick":2,"minecraft:spruce_sapling":1,"minecraft:spruce_log":8}},"DataVersion":3465}