{"stats":{"minecraft:mined":{"minecraft:spruce_leaves":3,"minecraft:spruce_log":8},"minecraft:custom":{"minecraft:jump":48,"minecraft:time_since_rest":13039,"minecraft:walk_one_cm":9901,"minecraft:leave_game":2,"minecraft:play_time":13039,"minecraft:sprint_one_cm":1525,"minecraft:time_since_death":13039,"minecraft:sneak_time":107,"minecraft:total_world_time":13039,"minecraft:fall_one_cm":1254,"minecraft:fly_one_cm":18229,"minecraft:crouch_one_cm":222},"minecraft:used":{"minecraft:oak_wood":22,"minecraft:oak_log":19,"minecraft:oak_planks":80,"minecraft:dark_oak_planks":28},"minecraft:picked_up":{"minecraft:stick":2,"minecraft:spruce_sapling":1,"minecraft:spruce_log":8}},"DataVersion":3465}