{"stats":{"minecraft:mined":{"minecraft:spruce_log":8,"minecraft:spruce_leaves":3},"minecraft:custom":{"minecraft:time_since_rest":78317,"minecraft:sprint_one_cm":2053,"minecraft:walk_one_cm":77325,"minecraft:drop":5,"minecraft:fly_one_cm":131574,"minecraft:crouch_one_cm":3048,"minecraft:play_time":78317,"minecraft:sneak_time":3522,"minecraft:walk_under_water_one_cm":1294,"minecraft:jump":126,"minecraft:time_since_death":78317,"minecraft:leave_game":3,"minecraft:walk_on_water_one_cm":2482,"minecraft:total_world_time":78317,"minecraft:fall_one_cm":1254},"minecraft:used":{"minecraft:oak_log":108,"minecraft:dark_oak_planks":102,"minecraft:water_bucket":4,"create:wrench":1,"minecraft:birch_fence_gate":1,"minecraft:lantern":18,"minecraft:birch_slab":9,"numismatics:bank_terminal":4,"minecraft:birch_planks":27,"create:gearbox":2,"minecraft:grass_block":15,"minecraft:oak_stairs":202,"minecraft:oak_planks":213,"numismatics:banking_guide":1,"create:millstone":1,"minecraft:spruce_trapdoor":4,"create:framed_glass_trapdoor":11,"create:large_water_wheel":2,"create:blaze_burner":1,"minecraft:oak_door":4,"minecraft:sand":14,"minecraft:scaffolding":1,"minecraft:oak_slab":60,"create:cogwheel":2,"minecraft:bucket":3,"minecraft:chain":10,"minecraft:campfire":4,"minecraft:oak_wood":27,"create:vertical_gearbox":10,"minecraft:birch_stairs":134},"minecraft:picked_up":{"minecraft:stick":2,"minecraft:chain":1,"minecraft:spruce_sapling":4,"minecraft:grass_block":1,"minecraft:spruce_log":8,"minecraft:lantern":2,"create:millstone":1,"numismatics:yellow_card":1},"minecraft:dropped":{"minecraft:oak_log":1,"create:millstone":1,"numismatics:yellow_card":1,"minecraft:chain":1,"minecraft:grass_block":1}},"DataVersion":3465}