{"stats":{"minecraft:mined":{"minecraft:spruce_leaves":3,"minecraft:spruce_log":8},"minecraft:picked_up":{"minecraft:stick":2,"minecraft:spruce_sapling":1,"minecraft:spruce_log":8},"minecraft:custom":{"minecraft:jump":16,"minecraft:time_since_rest":6413,"minecraft:leave_game":1,"minecraft:sprint_one_cm":443,"minecraft:play_time":6413,"minecraft:time_since_death":6413,"minecraft:walk_one_cm":2981,"minecraft:total_world_time":6413,"minecraft:fall_one_cm":418,"minecraft:fly_one_cm":2854}},"DataVersion":3465}