{"stats":{"minecraft:mined":{"minecraft:spruce_log":8,"minecraft:spruce_leaves":3},"minecraft:custom":{"minecraft:time_since_rest":42317,"minecraft:crouch_one_cm":500,"minecraft:sprint_one_cm":2053,"minecraft:play_time":42317,"minecraft:walk_one_cm":47233,"minecraft:sneak_time":967,"minecraft:walk_under_water_one_cm":1294,"minecraft:jump":94,"minecraft:leave_game":3,"minecraft:walk_on_water_one_cm":2482,"minecraft:time_since_death":42317,"minecraft:total_world_time":42317,"minecraft:fall_one_cm":1254,"minecraft:fly_one_cm":103390},"minecraft:used":{"minecraft:oak_log":52,"minecraft:oak_door":3,"minecraft:dark_oak_planks":29,"minecraft:water_bucket":4,"minecraft:sand":9,"minecraft:oak_slab":60,"create:cogwheel":2,"minecraft:birch_slab":2,"create:gearbox":2,"minecraft:lantern":7,"minecraft:oak_stairs":184,"minecraft:oak_planks":144,"minecraft:chain":2,"minecraft:bucket":3,"minecraft:campfire":4,"minecraft:oak_wood":22,"create:millstone":1,"create:vertical_gearbox":10,"minecraft:spruce_trapdoor":4,"minecraft:birch_stairs":6,"create:large_water_wheel":2,"create:framed_glass_trapdoor":11},"minecraft:picked_up":{"minecraft:stick":2,"minecraft:spruce_sapling":4,"minecraft:spruce_log":8,"minecraft:lantern":2}},"DataVersion":3465}