{"stats":{"minecraft:used":{"minecraft:dirt":18},"minecraft:picked_up":{"minecraft:oak_button":1,"minecraft:dirt":18},"minecraft:mined":{"minecraft:grass_block":4,"minecraft:repeater":2,"minecraft:dirt":14},"minecraft:killed_by":{"minecraft:player":1},"minecraft:custom":{"minecraft:jump":236,"minecraft:open_chest":1,"minecraft:time_since_rest":8133,"minecraft:damage_taken":201,"minecraft:leave_game":2,"minecraft:time_since_death":8106,"minecraft:crouch_one_cm":454,"minecraft:play_time":9408,"minecraft:sprint_one_cm":31095,"minecraft:walk_one_cm":38569,"minecraft:deaths":1,"minecraft:sneak_time":281,"minecraft:total_world_time":9408,"minecraft:fall_one_cm":4056,"minecraft:fly_one_cm":51232,"minecraft:damage_dealt":286}},"DataVersion":2975}