{"stats":{"minecraft:custom":{"minecraft:interact_with_smithing_table":2,"minecraft:mob_kills":9,"minecraft:interact_with_crafting_table":2,"minecraft:open_barrel":23,"minecraft:fill_cauldron":1,"minecraft:open_shulker_box":22,"minecraft:leave_game":59,"minecraft:time_since_death":33421,"minecraft:climb_one_cm":31167,"minecraft:sprint_one_cm":2222531,"minecraft:walk_one_cm":1797268,"minecraft:drop":78,"minecraft:play_time":1734706,"minecraft:deaths":74,"minecraft:sneak_time":55553,"minecraft:walk_under_water_one_cm":17037,"minecraft:boat_one_cm":6986,"minecraft:jump":15343,"minecraft:walk_on_water_one_cm":16061,"minecraft:total_world_time":1759756,"minecraft:interact_with_furnace":2,"minecraft:interact_with_cartography_table":2,"minecraft:interact_with_loom":1,"minecraft:pot_flower":24,"minecraft:sleep_in_bed":1,"minecraft:time_since_rest":33458,"minecraft:damage_taken":2147483647,"minecraft:damage_dealt":11829,"minecraft:minecart_one_cm":10323,"minecraft:swim_one_cm":60762,"minecraft:fly_one_cm":11594084,"minecraft:player_kills":40,"minecraft:open_chest":15,"minecraft:crouch_one_cm":71159,"minecraft:interact_with_smoker":1,"minecraft:fall_one_cm":143935},"minecraft:used":{"minecraft:diorite_stairs":9,"minecraft:oak_fence":2,"minecraft:light_blue_stained_glass_pane":1,"minecraft:netherite_sword":7,"minecraft:melon":1,"minecraft:red_concrete":83,"minecraft:spruce_slab":31,"minecraft:redstone":156,"minecraft:carrot_on_a_stick":35,"minecraft:bone_block":1,"minecraft:ladder":26,"minecraft:oak_sign":144,"minecraft:spruce_planks":515,"minecraft:chest":12,"minecraft:tinted_glass":110,"minecraft:stone":399,"minecraft:white_shulker_box":10,"minecraft:mossy_stone_brick_slab":95,"minecraft:structure_block":15,"minecraft:farmland":31,"minecraft:debug_stick":69,"minecraft:spruce_leaves":852,"minecraft:torch":20,"minecraft:brewing_stand":4,"minecraft:dirt":28,"minecraft:light_blue_dye":1,"minecraft:white_carpet":76,"minecraft:blue_stained_glass":7,"minecraft:spruce_stairs":18,"minecraft:carrot":15,"minecraft:stone_stairs":39,"minecraft:warped_door":2,"minecraft:glow_lichen":3,"minecraft:obsidian":42,"minecraft:polished_diorite":1171,"minecraft:glass":179,"minecraft:stone_brick_slab":202,"minecraft:honey_block":1,"minecraft:sea_lantern":20,"minecraft:cyan_terracotta":355,"minecraft:red_wool":141,"minecraft:iron_block":632,"minecraft:grass_block":778,"minecraft:oak_stairs":23,"minecraft:slime_block":4,"minecraft:quartz_block":710,"minecraft:netherite_hoe":76,"minecraft:gray_concrete_powder":92,"minecraft:smooth_quartz":36,"minecraft:lime_dye":4,"minecraft:barrel":6,"minecraft:melon_seeds":6,"minecraft:stone_brick_stairs":326,"minecraft:stone_bricks":1372,"minecraft:item_frame":29,"minecraft:bedrock":10,"minecraft:tripwire_hook":7,"minecraft:repeater":255,"minecraft:glowstone":34,"minecraft:red_stained_glass_pane":2,"minecraft:lime_concrete":13,"minecraft:brown_carpet":12,"minecraft:dark_oak_boat":4,"minecraft:written_book":8,"minecraft:sweet_berries":14,"minecraft:jungle_button":1,"minecraft:furnace":15,"minecraft:black_dye":2,"minecraft:beetroot_seeds":24,"minecraft:minecart":7,"minecraft:polished_diorite_stairs":225,"minecraft:potato":14,"minecraft:red_dye":3,"minecraft:acacia_planks":1,"minecraft:cobbled_deepslate":41,"minecraft:calcite":433,"minecraft:wheat_seeds":14,"minecraft:water_bucket":40,"minecraft:mossy_stone_bricks":136,"minecraft:diorite":1038,"minecraft:end_rod":4,"minecraft:spruce_door":1,"minecraft:red_stained_glass":19,"minecraft:powered_rail":12,"minecraft:oak_planks":150,"minecraft:cartography_table":2,"minecraft:polished_diorite_slab":21,"minecraft:mossy_stone_brick_stairs":73,"minecraft:structure_void":8,"minecraft:cauldron":1,"minecraft:diamond_axe":144,"minecraft:fletching_table":3,"minecraft:stonecutter":5,"minecraft:glow_ink_sac":18,"minecraft:oak_leaves":113,"minecraft:glow_item_frame":7,"minecraft:respawn_anchor":4,"minecraft:polished_blackstone_pressure_plate":2,"minecraft:dark_oak_trapdoor":27,"minecraft:blue_dye":5,"minecraft:brown_dye":5,"minecraft:comparator":107,"minecraft:vine":15,"minecraft:crafting_table":14,"minecraft:green_dye":7,"minecraft:red_bed":5,"minecraft:blast_furnace":2,"minecraft:yellow_concrete":54,"minecraft:campfire":18,"minecraft:white_bed":8,"minecraft:light_gray_concrete_powder":43,"minecraft:shulker_spawn_egg":20,"minecraft:stone_brick_wall":520,"minecraft:gray_concrete":1,"minecraft:painting":4,"minecraft:smoker":2,"minecraft:warped_planks":4,"minecraft:spruce_log":156,"minecraft:pumpkin_seeds":6,"minecraft:cyan_stained_glass":18,"minecraft:redstone_torch":11,"minecraft:oak_log":38,"minecraft:sticky_piston":2,"minecraft:piston":2,"minecraft:flower_pot":25,"minecraft:netherite_block":9,"minecraft:lever":38,"minecraft:green_concrete":23,"minecraft:yellow_dye":4,"minecraft:light":300,"minecraft:black_concrete":975,"minecraft:black_wool":1,"minecraft:warped_trapdoor":1,"minecraft:command_block":345,"minecraft:light_gray_concrete":272,"minecraft:heavy_weighted_pressure_plate":5,"minecraft:stone_button":75,"minecraft:barrier":479,"minecraft:map":2,"minecraft:detector_rail":1,"minecraft:cyan_concrete":22,"minecraft:stone_slab":27,"minecraft:spruce_trapdoor":15,"minecraft:iron_door":27,"minecraft:spruce_sapling":344,"minecraft:deepslate":59,"minecraft:chiseled_stone_bricks":28,"minecraft:diamond_sword":29,"minecraft:coal_block":49,"minecraft:cobblestone":137,"minecraft:grindstone":6,"minecraft:smithing_table":3,"minecraft:chain_command_block":243,"minecraft:glass_pane":3,"minecraft:repeating_command_block":162,"minecraft:polished_blackstone_button":4,"minecraft:smooth_stone":2,"minecraft:bone_meal":5,"minecraft:splash_potion":42,"minecraft:soul_torch":1},"minecraft:killed":{"minecraft:slime":1,"minecraft:shulker":2,"minecraft:axolotl":5},"minecraft:killed_by":{"minecraft:player":44},"minecraft:dropped":{"minecraft:wheat_seeds":3,"minecraft:diamond_axe":2,"minecraft:nether_star":8,"minecraft:yellow_concrete":1,"minecraft:feather":3,"minecraft:glow_item_frame":2,"minecraft:stick":4,"minecraft:iron_block":1,"minecraft:smooth_quartz":64,"minecraft:black_concrete":1,"minecraft:redstone":1,"minecraft:wheat":2,"minecraft:beetroot":6,"minecraft:filled_map":1,"minecraft:beetroot_seeds":14,"minecraft:written_book":48,"minecraft:splash_potion":1},"minecraft:picked_up":{"minecraft:shulker_shell":9,"minecraft:birch_door":2,"minecraft:wheat":307,"minecraft:heavy_weighted_pressure_plate":3,"minecraft:item_frame":2,"minecraft:white_carpet":1,"minecraft:oak_sign":1,"minecraft:beetroot":16,"minecraft:detector_rail":1,"minecraft:redstone_torch":5,"minecraft:written_book":48,"minecraft:stick":4,"minecraft:stone":6,"minecraft:glow_item_frame":3,"minecraft:torch":2,"minecraft:stone_button":33,"minecraft:carrot":46,"minecraft:redstone":11,"minecraft:warped_door":3,"minecraft:beetroot_seeds":55,"minecraft:light_blue_stained_glass_pane":1,"minecraft:iron_block":1,"minecraft:feather":2,"minecraft:repeater":1,"minecraft:iron_door":6,"minecraft:potato":92,"minecraft:filled_map":3,"minecraft:wheat_seeds":766,"minecraft:powered_rail":8,"minecraft:sweet_berries":17,"minecraft:spruce_sapling":7,"minecraft:pumpkin_seeds":1,"minecraft:black_concrete":1,"minecraft:lever":6,"minecraft:diamond_axe":1,"minecraft:melon_seeds":7,"minecraft:nether_star":7}},"DataVersion":2975}