{
  "minecraft:recipes/combat/arrow": {
    "criteria": {
      "has_feather": "2021-10-23 11:27:24 +0000"
    },
    "done": true
  },
  "minecraft:adventure/root": {
    "criteria": {
      "killed_something": "2021-10-23 11:24:46 +0000"
    },
    "done": true
  },
  "minecraft:recipes/misc/beacon": {
    "criteria": {
      "has_nether_star": "2021-10-23 11:27:24 +0000"
    },
    "done": true
  },
  "minecraft:adventure/adventuring_time": {
    "criteria": {
      "minecraft:plains": "2021-10-23 11:21:01 +0000"
    },
    "done": false
  },
  "DataVersion": 2730
}